resource_id,resource_name,resource_type,cpu_utilization,disk_read_bytes,disk_write_bytes,storage_used_gb,status,timestamp
/subscriptions/35135838-c3a1-46a1-b924-db102068653a/resourceGroups/NetworkWatcherRG/providers/Microsoft.Network/networkWatchers/NetworkWatcher_westus2,NetworkWatcher_westus2,Microsoft.Network/networkWatchers,,0.0,0.0,0.0,unknown,2026-08-15 09:26:12.459615
/subscriptions/35135838-c3a1-46a1-b924-db102068653a/resourceGroups/BITS-PROJECT/providers/Microsoft.Compute/disks/bitsvm_disk1_f32415d127f84014921aeb57820f3e7f,bitsvm_disk1_f32415d127f84014921aeb57820f3e7f,Microsoft.Compute/disks,,0.0,0.0,0.0,unknown,2026-08-15 09:26:12.459612
/subscriptions/35135838-c3a1-46a1-b924-db102068653a/resourceGroups/Bits-project/providers/Microsoft.Compute/virtualMachines/bitsvm,bitsvm,Microsoft.Compute/virtualMachines,2.0256250000000002,27444963.76833333,203575217.63833332,0.0,unknown,2026-08-15 09:26:12.459608
/subscriptions/35135838-c3a1-46a1-b924-db102068653a/resourceGroups/Bits-project/providers/Microsoft.Network/networkInterfaces/bitsvm334,bitsvm334,Microsoft.Network/networkInterfaces,,0.0,0.0,0.0,unknown,2026-08-15 09:26:12.459605
/subscriptions/35135838-c3a1-46a1-b924-db102068653a/resourceGroups/Bits-project/providers/Microsoft.Network/virtualNetworks/vnet-westus2-1,vnet-westus2-1,Microsoft.Network/virtualNetworks,,0.0,0.0,0.0,unknown,2026-08-15 09:26:12.459601
/subscriptions/35135838-c3a1-46a1-b924-db102068653a/resourceGroups/Bits-project/providers/Microsoft.Network/publicIPAddresses/bitsvm-ip,bitsvm-ip,Microsoft.Network/publicIPAddresses,,0.0,0.0,0.0,unknown,2026-08-15 09:26:12.459597
/subscriptions/35135838-c3a1-46a1-b924-db102068653a/resourceGroups/Bits-project/providers/Microsoft.Network/networkSecurityGroups/bitsvm-nsg,bitsvm-nsg,Microsoft.Network/networkSecurityGroups,,0.0,0.0,0.0,unknown,2026-08-15 09:26:12.459593
/subscriptions/35135838-c3a1-46a1-b924-db102068653a/resourceGroups/Bits-project/providers/Microsoft.Storage/storageAccounts/bits2,bits2,Microsoft.Storage/storageAccounts,,0.0,0.0,0.0,unknown,2026-08-15 09:26:12.459589
/subscriptions/35135838-c3a1-46a1-b924-db102068653a/resourceGroups/Bits-project/providers/Microsoft.Storage/storageAccounts/bits1,bits1,Microsoft.Storage/storageAccounts,,0.0,0.0,0.0,unknown,2026-08-15 09:26:12.459580
/subscriptions/35135838-c3a1-46a1-b924-db102068653a/resourceGroups/NetworkWatcherRG/providers/Microsoft.Network/networkWatchers/NetworkWatcher_westus2,NetworkWatcher_westus2,Microsoft.Network/networkWatchers,,0.0,0.0,0.0,unknown,2026-08-15 09:22:10.549111
/subscriptions/35135838-c3a1-46a1-b924-db102068653a/resourceGroups/BITS-PROJECT/providers/Microsoft.Compute/disks/bitsvm_disk1_f32415d127f84014921aeb57820f3e7f,bitsvm_disk1_f32415d127f84014921aeb57820f3e7f,Microsoft.Compute/disks,,0.0,0.0,0.0,unknown,2026-08-15 09:22:10.549108
/subscriptions/35135838-c3a1-46a1-b924-db102068653a/resourceGroups/Bits-project/providers/Microsoft.Compute/virtualMachines/bitsvm,bitsvm,Microsoft.Compute/virtualMachines,3.80375,54861255.876666665,406635121.93666667,0.0,unknown,2026-08-15 09:22:10.549105
/subscriptions/35135838-c3a1-46a1-b924-db102068653a/resourceGroups/Bits-project/providers/Microsoft.Network/networkInterfaces/bitsvm334,bitsvm334,Microsoft.Network/networkInterfaces,,0.0,0.0,0.0,unknown,2026-08-15 09:22:10.549101
/subscriptions/35135838-c3a1-46a1-b924-db102068653a/resourceGroups/Bits-project/providers/Microsoft.Network/virtualNetworks/vnet-westus2-1,vnet-westus2-1,Microsoft.Network/virtualNetworks,,0.0,0.0,0.0,unknown,2026-08-15 09:22:10.549097
/subscriptions/35135838-c3a1-46a1-b924-db102068653a/resourceGroups/Bits-project/providers/Microsoft.Network/publicIPAddresses/bitsvm-ip,bitsvm-ip,Microsoft.Network/publicIPAddresses,,0.0,0.0,0.0,unknown,2026-08-15 09:22:10.549088
/subscriptions/35135838-c3a1-46a1-b924-db102068653a/resourceGroups/Bits-project/providers/Microsoft.Network/networkSecurityGroups/bitsvm-nsg,bitsvm-nsg,Microsoft.Network/networkSecurityGroups,,0.0,0.0,0.0,unknown,2026-08-15 09:22:10.549036
/subscriptions/35135838-c3a1-46a1-b924-db102068653a/resourceGroups/Bits-project/providers/Microsoft.Storage/storageAccounts/bits2,bits2,Microsoft.Storage/storageAccounts,,0.0,0.0,0.0,unknown,2026-08-15 09:22:10.549031
/subscriptions/35135838-c3a1-46a1-b924-db102068653a/resourceGroups/Bits-project/providers/Microsoft.Storage/storageAccounts/bits1,bits1,Microsoft.Storage/storageAccounts,,0.0,0.0,0.0,unknown,2026-08-15 09:22:10.549018
/subscriptions/35135838-c3a1-46a1-b924-db102068653a/resourceGroups/Bits-project/providers/Microsoft.Storage/storageAccounts/bits2,bits2,Microsoft.Storage/storageAccounts,,0.0,0.0,0.0,unknown,2026-08-15 08:48:34.986917
/subscriptions/35135838-c3a1-46a1-b924-db102068653a/resourceGroups/Bits-project/providers/Microsoft.Storage/storageAccounts/bits1,bits1,Microsoft.Storage/storageAccounts,,0.0,0.0,0.0,unknown,2026-08-15 08:48:34.986907
/subscriptions/35135838-c3a1-46a1-b924-db102068653a/resourceGroups/Bits-project/providers/Microsoft.Storage/storageAccounts/bits2,bits2,Microsoft.Storage/storageAccounts,,0.0,0.0,0.0,unknown,2026-08-15 08:47:21.155123
/subscriptions/35135838-c3a1-46a1-b924-db102068653a/resourceGroups/Bits-project/providers/Microsoft.Storage/storageAccounts/bits1,bits1,Microsoft.Storage/storageAccounts,,0.0,0.0,0.0,unknown,2026-08-15 08:47:21.155117
/subscriptions/35135838-c3a1-46a1-b924-db102068653a/resourceGroups/Bits-project/providers/Microsoft.Storage/storageAccounts/bits2,bits2,Microsoft.Storage/storageAccounts,,0.0,0.0,0.0,unknown,2026-08-15 08:46:35.271721
/subscriptions/35135838-c3a1-46a1-b924-db102068653a/resourceGroups/Bits-project/providers/Microsoft.Storage/storageAccounts/bits1,bits1,Microsoft.Storage/storageAccounts,,0.0,0.0,0.0,unknown,2026-08-15 08:46:35.271711
/subscriptions/b918d096-c18b-4010-b5e2-28e636944fe8/resourceGroups/cloud-cost-opt/providers/Microsoft.Network/networkInterfaces/cloud-cost-opt891_z1,cloud-cost-opt891_z1,Microsoft.Network/networkInterfaces,,0.0,0.0,0.0,unknown,2026-06-27 05:36:38.344159
/subscriptions/b918d096-c18b-4010-b5e2-28e636944fe8/resourceGroups/NetworkWatcherRG/providers/Microsoft.Network/networkWatchers/NetworkWatcher_centralindia,NetworkWatcher_centralindia,Microsoft.Network/networkWatchers,,0.0,0.0,0.0,unknown,2026-06-27 05:36:38.344155
/subscriptions/b918d096-c18b-4010-b5e2-28e636944fe8/resourceGroups/cloud-cost-opt/providers/Microsoft.Network/virtualNetworks/cloud-cost-opt-vnet,cloud-cost-opt-vnet,Microsoft.Network/virtualNetworks,,0.0,0.0,0.0,unknown,2026-06-27 05:36:38.344151
/subscriptions/b918d096-c18b-4010-b5e2-28e636944fe8/resourceGroups/cloud-cost-opt/providers/Microsoft.Network/publicIPAddresses/cloud-cost-opt-ip,cloud-cost-opt-ip,Microsoft.Network/publicIPAddresses,,0.0,0.0,0.0,unknown,2026-06-27 05:36:38.344146
/subscriptions/b918d096-c18b-4010-b5e2-28e636944fe8/resourceGroups/cloud-cost-opt/providers/Microsoft.Network/networkSecurityGroups/cloud-cost-opt-nsg,cloud-cost-opt-nsg,Microsoft.Network/networkSecurityGroups,,0.0,0.0,0.0,unknown,2026-06-27 05:36:38.344141
/subscriptions/b918d096-c18b-4010-b5e2-28e636944fe8/resourceGroups/cloud-cost-opt/providers/Microsoft.Storage/storageAccounts/cloudcostopt,cloudcostopt,Microsoft.Storage/storageAccounts,,0.0,0.0,0.0,unknown,2026-06-27 05:36:38.344131
/subscriptions/b918d096-c18b-4010-b5e2-28e636944fe8/resourceGroups/CLOUD-COST-OPT/providers/Microsoft.Compute/disks/cloud-cost-opt_OsDisk_1_1f42ffb911074c529e7fcb2ec0aa22b4,cloud-cost-opt_OsDisk_1_1f42ffb911074c529e7fcb2ec0aa22b4,Microsoft.Compute/disks,,0.0,0.0,0.0,unknown,2026-06-26 17:06:54.461382
/subscriptions/b918d096-c18b-4010-b5e2-28e636944fe8/resourceGroups/cloud-cost-opt/providers/Microsoft.Compute/virtualMachines/cloud-cost-opt,cloud-cost-opt,Microsoft.Compute/virtualMachines,,0.0,0.0,0.0,unknown,2026-06-26 17:06:54.461378
/subscriptions/b918d096-c18b-4010-b5e2-28e636944fe8/resourceGroups/cloud-cost-opt/providers/Microsoft.Network/networkInterfaces/cloud-cost-opt891_z1,cloud-cost-opt891_z1,Microsoft.Network/networkInterfaces,,0.0,0.0,0.0,unknown,2026-06-26 17:06:54.461373
/subscriptions/b918d096-c18b-4010-b5e2-28e636944fe8/resourceGroups/NetworkWatcherRG/providers/Microsoft.Network/networkWatchers/NetworkWatcher_centralindia,NetworkWatcher_centralindia,Microsoft.Network/networkWatchers,,0.0,0.0,0.0,unknown,2026-06-26 17:06:54.461368
/subscriptions/b918d096-c18b-4010-b5e2-28e636944fe8/resourceGroups/cloud-cost-opt/providers/Microsoft.Network/virtualNetworks/cloud-cost-opt-vnet,cloud-cost-opt-vnet,Microsoft.Network/virtualNetworks,,0.0,0.0,0.0,unknown,2026-06-26 17:06:54.461363
/subscriptions/b918d096-c18b-4010-b5e2-28e636944fe8/resourceGroups/cloud-cost-opt/providers/Microsoft.Network/publicIPAddresses/cloud-cost-opt-ip,cloud-cost-opt-ip,Microsoft.Network/publicIPAddresses,,0.0,0.0,0.0,unknown,2026-06-26 17:06:54.461358
/subscriptions/b918d096-c18b-4010-b5e2-28e636944fe8/resourceGroups/cloud-cost-opt/providers/Microsoft.Network/networkSecurityGroups/cloud-cost-opt-nsg,cloud-cost-opt-nsg,Microsoft.Network/networkSecurityGroups,,0.0,0.0,0.0,unknown,2026-06-26 17:06:54.461351
/subscriptions/b918d096-c18b-4010-b5e2-28e636944fe8/resourceGroups/cloud-cost-opt/providers/Microsoft.Storage/storageAccounts/cloudcostopt,cloudcostopt,Microsoft.Storage/storageAccounts,,0.0,0.0,0.0,unknown,2026-06-26 17:06:54.461336
/subscriptions/b918d096-c18b-4010-b5e2-28e636944fe8/resourceGroups/CLOUD-COST-OPT/providers/Microsoft.Compute/disks/cloud-cost-opt_OsDisk_1_1f42ffb911074c529e7fcb2ec0aa22b4,cloud-cost-opt_OsDisk_1_1f42ffb911074c529e7fcb2ec0aa22b4,Microsoft.Compute/disks,,0.0,0.0,0.0,unknown,2026-06-26 17:04:50.103047
/subscriptions/b918d096-c18b-4010-b5e2-28e636944fe8/resourceGroups/cloud-cost-opt/providers/Microsoft.Compute/virtualMachines/cloud-cost-opt,cloud-cost-opt,Microsoft.Compute/virtualMachines,,0.0,0.0,0.0,unknown,2026-06-26 17:04:50.103043
/subscriptions/b918d096-c18b-4010-b5e2-28e636944fe8/resourceGroups/cloud-cost-opt/providers/Microsoft.Network/networkInterfaces/cloud-cost-opt891_z1,cloud-cost-opt891_z1,Microsoft.Network/networkInterfaces,,0.0,0.0,0.0,unknown,2026-06-26 17:04:50.103038
/subscriptions/b918d096-c18b-4010-b5e2-28e636944fe8/resourceGroups/NetworkWatcherRG/providers/Microsoft.Network/networkWatchers/NetworkWatcher_centralindia,NetworkWatcher_centralindia,Microsoft.Network/networkWatchers,,0.0,0.0,0.0,unknown,2026-06-26 17:04:50.103033
/subscriptions/b918d096-c18b-4010-b5e2-28e636944fe8/resourceGroups/cloud-cost-opt/providers/Microsoft.Network/virtualNetworks/cloud-cost-opt-vnet,cloud-cost-opt-vnet,Microsoft.Network/virtualNetworks,,0.0,0.0,0.0,unknown,2026-06-26 17:04:50.103028
/subscriptions/b918d096-c18b-4010-b5e2-28e636944fe8/resourceGroups/cloud-cost-opt/providers/Microsoft.Network/publicIPAddresses/cloud-cost-opt-ip,cloud-cost-opt-ip,Microsoft.Network/publicIPAddresses,,0.0,0.0,0.0,unknown,2026-06-26 17:04:50.103022
/subscriptions/b918d096-c18b-4010-b5e2-28e636944fe8/resourceGroups/cloud-cost-opt/providers/Microsoft.Network/networkSecurityGroups/cloud-cost-opt-nsg,cloud-cost-opt-nsg,Microsoft.Network/networkSecurityGroups,,0.0,0.0,0.0,unknown,2026-06-26 17:04:50.103015
/subscriptions/b918d096-c18b-4010-b5e2-28e636944fe8/resourceGroups/cloud-cost-opt/providers/Microsoft.Storage/storageAccounts/cloudcostopt,cloudcostopt,Microsoft.Storage/storageAccounts,,0.0,0.0,0.0,unknown,2026-06-26 17:04:50.103001
/subscriptions/b918d096-c18b-4010-b5e2-28e636944fe8/resourceGroups/CLOUD-COST-OPT/providers/Microsoft.Compute/disks/cloud-cost-opt_OsDisk_1_1f42ffb911074c529e7fcb2ec0aa22b4,cloud-cost-opt_OsDisk_1_1f42ffb911074c529e7fcb2ec0aa22b4,Microsoft.Compute/disks,,0.0,0.0,0.0,unknown,2026-06-26 17:01:53.636366
/subscriptions/b918d096-c18b-4010-b5e2-28e636944fe8/resourceGroups/cloud-cost-opt/providers/Microsoft.Compute/virtualMachines/cloud-cost-opt,cloud-cost-opt,Microsoft.Compute/virtualMachines,,0.0,0.0,0.0,unknown,2026-06-26 17:01:53.636362
/subscriptions/b918d096-c18b-4010-b5e2-28e636944fe8/resourceGroups/cloud-cost-opt/providers/Microsoft.Network/networkInterfaces/cloud-cost-opt891_z1,cloud-cost-opt891_z1,Microsoft.Network/networkInterfaces,,0.0,0.0,0.0,unknown,2026-06-26 17:01:53.636357
/subscriptions/b918d096-c18b-4010-b5e2-28e636944fe8/resourceGroups/NetworkWatcherRG/providers/Microsoft.Network/networkWatchers/NetworkWatcher_centralindia,NetworkWatcher_centralindia,Microsoft.Network/networkWatchers,,0.0,0.0,0.0,unknown,2026-06-26 17:01:53.636352
/subscriptions/b918d096-c18b-4010-b5e2-28e636944fe8/resourceGroups/cloud-cost-opt/providers/Microsoft.Network/virtualNetworks/cloud-cost-opt-vnet,cloud-cost-opt-vnet,Microsoft.Network/virtualNetworks,,0.0,0.0,0.0,unknown,2026-06-26 17:01:53.636346
/subscriptions/b918d096-c18b-4010-b5e2-28e636944fe8/resourceGroups/cloud-cost-opt/providers/Microsoft.Network/publicIPAddresses/cloud-cost-opt-ip,cloud-cost-opt-ip,Microsoft.Network/publicIPAddresses,,0.0,0.0,0.0,unknown,2026-06-26 17:01:53.636340
/subscriptions/b918d096-c18b-4010-b5e2-28e636944fe8/resourceGroups/cloud-cost-opt/providers/Microsoft.Network/networkSecurityGroups/cloud-cost-opt-nsg,cloud-cost-opt-nsg,Microsoft.Network/networkSecurityGroups,,0.0,0.0,0.0,unknown,2026-06-26 17:01:53.636333
/subscriptions/b918d096-c18b-4010-b5e2-28e636944fe8/resourceGroups/cloud-cost-opt/providers/Microsoft.Storage/storageAccounts/cloudcostopt,cloudcostopt,Microsoft.Storage/storageAccounts,,0.0,0.0,0.0,unknown,2026-06-26 17:01:53.636319
/subscriptions/b918d096-c18b-4010-b5e2-28e636944fe8/resourceGroups/CLOUD-COST-OPT/providers/Microsoft.Compute/disks/cloud-cost-opt_OsDisk_1_1f42ffb911074c529e7fcb2ec0aa22b4,cloud-cost-opt_OsDisk_1_1f42ffb911074c529e7fcb2ec0aa22b4,Microsoft.Compute/disks,,0.0,0.0,0.0,unknown,2026-06-26 16:49:54.147664
/subscriptions/b918d096-c18b-4010-b5e2-28e636944fe8/resourceGroups/cloud-cost-opt/providers/Microsoft.Compute/virtualMachines/cloud-cost-opt,cloud-cost-opt,Microsoft.Compute/virtualMachines,,0.0,0.0,0.0,unknown,2026-06-26 16:49:54.147659
/subscriptions/b918d096-c18b-4010-b5e2-28e636944fe8/resourceGroups/cloud-cost-opt/providers/Microsoft.Network/networkInterfaces/cloud-cost-opt891_z1,cloud-cost-opt891_z1,Microsoft.Network/networkInterfaces,,0.0,0.0,0.0,unknown,2026-06-26 16:49:54.147653
/subscriptions/b918d096-c18b-4010-b5e2-28e636944fe8/resourceGroups/NetworkWatcherRG/providers/Microsoft.Network/networkWatchers/NetworkWatcher_centralindia,NetworkWatcher_centralindia,Microsoft.Network/networkWatchers,,0.0,0.0,0.0,unknown,2026-06-26 16:49:54.147648
/subscriptions/b918d096-c18b-4010-b5e2-28e636944fe8/resourceGroups/cloud-cost-opt/providers/Microsoft.Network/virtualNetworks/cloud-cost-opt-vnet,cloud-cost-opt-vnet,Microsoft.Network/virtualNetworks,,0.0,0.0,0.0,unknown,2026-06-26 16:49:54.147641
/subscriptions/b918d096-c18b-4010-b5e2-28e636944fe8/resourceGroups/cloud-cost-opt/providers/Microsoft.Network/publicIPAddresses/cloud-cost-opt-ip,cloud-cost-opt-ip,Microsoft.Network/publicIPAddresses,,0.0,0.0,0.0,unknown,2026-06-26 16:49:54.147635
/subscriptions/b918d096-c18b-4010-b5e2-28e636944fe8/resourceGroups/cloud-cost-opt/providers/Microsoft.Network/networkSecurityGroups/cloud-cost-opt-nsg,cloud-cost-opt-nsg,Microsoft.Network/networkSecurityGroups,,0.0,0.0,0.0,unknown,2026-06-26 16:49:54.147627
/subscriptions/b918d096-c18b-4010-b5e2-28e636944fe8/resourceGroups/cloud-cost-opt/providers/Microsoft.Storage/storageAccounts/cloudcostopt,cloudcostopt,Microsoft.Storage/storageAccounts,,0.0,0.0,0.0,unknown,2026-06-26 16:49:54.147612
/subscriptions/b918d096-c18b-4010-b5e2-28e636944fe8/resourceGroups/CLOUD-COST-OPT/providers/Microsoft.Compute/disks/cloud-cost-opt_OsDisk_1_1f42ffb911074c529e7fcb2ec0aa22b4,cloud-cost-opt_OsDisk_1_1f42ffb911074c529e7fcb2ec0aa22b4,Microsoft.Compute/disks,0.0,0.0,0.0,0.0,unknown,2026-06-26 16:22:03.518811
/subscriptions/b918d096-c18b-4010-b5e2-28e636944fe8/resourceGroups/cloud-cost-opt/providers/Microsoft.Compute/virtualMachines/cloud-cost-opt,cloud-cost-opt,Microsoft.Compute/virtualMachines,0.0,0.0,0.0,0.0,unknown,2026-06-26 16:22:03.518809
/subscriptions/b918d096-c18b-4010-b5e2-28e636944fe8/resourceGroups/cloud-cost-opt/providers/Microsoft.Network/networkInterfaces/cloud-cost-opt891_z1,cloud-cost-opt891_z1,Microsoft.Network/networkInterfaces,0.0,0.0,0.0,0.0,unknown,2026-06-26 16:22:03.518806
/subscriptions/b918d096-c18b-4010-b5e2-28e636944fe8/resourceGroups/NetworkWatcherRG/providers/Microsoft.Network/networkWatchers/NetworkWatcher_centralindia,NetworkWatcher_centralindia,Microsoft.Network/networkWatchers,0.0,0.0,0.0,0.0,unknown,2026-06-26 16:22:03.518804
/subscriptions/b918d096-c18b-4010-b5e2-28e636944fe8/resourceGroups/cloud-cost-opt/providers/Microsoft.Network/virtualNetworks/cloud-cost-opt-vnet,cloud-cost-opt-vnet,Microsoft.Network/virtualNetworks,0.0,0.0,0.0,0.0,unknown,2026-06-26 16:22:03.518802
/subscriptions/b918d096-c18b-4010-b5e2-28e636944fe8/resourceGroups/cloud-cost-opt/providers/Microsoft.Network/publicIPAddresses/cloud-cost-opt-ip,cloud-cost-opt-ip,Microsoft.Network/publicIPAddresses,0.0,0.0,0.0,0.0,unknown,2026-06-26 16:22:03.518799
/subscriptions/b918d096-c18b-4010-b5e2-28e636944fe8/resourceGroups/cloud-cost-opt/providers/Microsoft.Network/networkSecurityGroups/cloud-cost-opt-nsg,cloud-cost-opt-nsg,Microsoft.Network/networkSecurityGroups,0.0,0.0,0.0,0.0,unknown,2026-06-26 16:22:03.518796
/subscriptions/b918d096-c18b-4010-b5e2-28e636944fe8/resourceGroups/cloud-cost-opt/providers/Microsoft.Storage/storageAccounts/cloudcostopt,cloudcostopt,Microsoft.Storage/storageAccounts,0.0,0.0,0.0,0.0,unknown,2026-06-26 16:22:03.518790
/subscriptions/b918d096-c18b-4010-b5e2-28e636944fe8/resourceGroups/CLOUD-COST-OPT/providers/Microsoft.Compute/disks/cloud-cost-opt_OsDisk_1_1f42ffb911074c529e7fcb2ec0aa22b4,cloud-cost-opt_OsDisk_1_1f42ffb911074c529e7fcb2ec0aa22b4,Microsoft.Compute/disks,0.0,0.0,0.0,0.0,unknown,2026-06-26 16:20:14.621485
/subscriptions/b918d096-c18b-4010-b5e2-28e636944fe8/resourceGroups/cloud-cost-opt/providers/Microsoft.Compute/virtualMachines/cloud-cost-opt,cloud-cost-opt,Microsoft.Compute/virtualMachines,0.0,0.0,0.0,0.0,unknown,2026-06-26 16:20:14.621483
/subscriptions/b918d096-c18b-4010-b5e2-28e636944fe8/resourceGroups/cloud-cost-opt/providers/Microsoft.Network/networkInterfaces/cloud-cost-opt891_z1,cloud-cost-opt891_z1,Microsoft.Network/networkInterfaces,0.0,0.0,0.0,0.0,unknown,2026-06-26 16:20:14.621481
/subscriptions/b918d096-c18b-4010-b5e2-28e636944fe8/resourceGroups/NetworkWatcherRG/providers/Microsoft.Network/networkWatchers/NetworkWatcher_centralindia,NetworkWatcher_centralindia,Microsoft.Network/networkWatchers,0.0,0.0,0.0,0.0,unknown,2026-06-26 16:20:14.621479
/subscriptions/b918d096-c18b-4010-b5e2-28e636944fe8/resourceGroups/cloud-cost-opt/providers/Microsoft.Network/virtualNetworks/cloud-cost-opt-vnet,cloud-cost-opt-vnet,Microsoft.Network/virtualNetworks,0.0,0.0,0.0,0.0,unknown,2026-06-26 16:20:14.621476
/subscriptions/b918d096-c18b-4010-b5e2-28e636944fe8/resourceGroups/cloud-cost-opt/providers/Microsoft.Network/publicIPAddresses/cloud-cost-opt-ip,cloud-cost-opt-ip,Microsoft.Network/publicIPAddresses,0.0,0.0,0.0,0.0,unknown,2026-06-26 16:20:14.621473
/subscriptions/b918d096-c18b-4010-b5e2-28e636944fe8/resourceGroups/cloud-cost-opt/providers/Microsoft.Network/networkSecurityGroups/cloud-cost-opt-nsg,cloud-cost-opt-nsg,Microsoft.Network/networkSecurityGroups,0.0,0.0,0.0,0.0,unknown,2026-06-26 16:20:14.621470
/subscriptions/b918d096-c18b-4010-b5e2-28e636944fe8/resourceGroups/cloud-cost-opt/providers/Microsoft.Storage/storageAccounts/cloudcostopt,cloudcostopt,Microsoft.Storage/storageAccounts,0.0,0.0,0.0,0.0,unknown,2026-06-26 16:20:14.621463
/subscriptions/b918d096-c18b-4010-b5e2-28e636944fe8/resourceGroups/cloud-cost-opt/providers/Microsoft.Storage/storageAccounts/cloudcostopt,cloudcostopt,Microsoft.Storage/storageAccounts,0.0,0.0,0.0,0.0,unknown,2026-06-26 15:58:51.501883
/subscriptions/b918d096-c18b-4010-b5e2-28e636944fe8/resourceGroups/cloud-cost-opt/providers/Microsoft.Storage/storageAccounts/cloudcostopt,cloudcostopt,Microsoft.Storage/storageAccounts,0.0,0.0,0.0,0.0,unknown,2026-06-11 20:08:40.909851
/subscriptions/b918d096-c18b-4010-b5e2-28e636944fe8/resourceGroups/cloud-cost-opt/providers/Microsoft.Storage/storageAccounts/cloudcostopt,cloudcostopt,Microsoft.Storage/storageAccounts,0.0,0.0,0.0,0.0,unknown,2026-06-11 19:40:48.133320
